{"cameraMode":{"drawMode":0,"name":"Shaded","section":"Shading Mode"},"sceneLighting":true,"audioPlay":false,"sceneViewState":{"showFog":true,"showMaterialUpdate":false,"showSkybox":true,"showFlares":true,"showImageEffects":true,"showParticleSystems":true},"in2DMode":false,"pivot":{"x":-78.67218780517578,"y":-127.91825866699219,"z":-240.44955444335938},"rotation":{"x":-0.03597943112254143,"y":0.9606119990348816,"z":-0.23232628405094148,"w":-0.14835304021835328},"size":158.4755096435547,"orthographic":false}