{"cameraMode":{"drawMode":0,"name":"Shaded","section":"Shading Mode"},"sceneLighting":true,"audioPlay":false,"sceneViewState":{"showFog":true,"showMaterialUpdate":false,"showSkybox":true,"showFlares":true,"showImageEffects":true,"showParticleSystems":true},"in2DMode":false,"pivot":{"x":-75.47644805908203,"y":-125.42903137207031,"z":-242.80203247070313},"rotation":{"x":-0.03597943112254143,"y":0.9606119990348816,"z":-0.23232628405094148,"w":-0.14835304021835328},"size":153.5431671142578,"orthographic":false}
